StockCode,Purchase_Frequency,Avg_Order_Quantity
10002,40,16.79591836734694
10080,19,13.857142857142858
10120,25,6.433333333333334
10123C,3,1.6666666666666667
10124A,5,3.2
10124G,4,4.25
10125,49,19.15625
10133,101,19.225806451612904
10135,92,16.016528925619834
11001,44,19.5625
15030,11,11.0
15034,70,70.53846153846153
15036,194,67.31076923076922
15039,58,21.95774647887324
15044A,53,5.417721518987341
15044B,36,6.395833333333333
15044C,43,4.459016393442623
15044D,53,8.513513513513514
15056BL,142,9.549828178694158
15056N,184,10.015706806282722
15056P,87,5.613138686131387
15058A,40,2.9019607843137254
15058B,32,2.8048780487804876
15058C,26,6.433333333333334
15060B,68,4.326315789473684
16008,54,41.31428571428572
16010,3,10.0
16011,38,37.723404255319146
16012,33,33.62162162162162
16014,34,246.8148148148148
16015,19,27.583333333333332
16016,41,19.584615384615386
16033,4,210.0
16045,61,128.9855072463768
16046,13,4.1875
16048,41,29.3265306122449
16049,5,100.8
16052,5,77.83333333333333
16054,29,35.333333333333336
16151A,3,16.333333333333332
16156L,17,26.38888888888889
16156S,135,34.73053892215569
16161G,22,31.818181818181817
16161P,189,29.02008032128514
16161U,105,30.41044776119403
16162L,5,2.8333333333333335
16162M,6,3.7142857142857144
16168M,19,16.45
16169E,143,30.42
16169K,8,25.0
16169M,24,25.384615384615383
16202E,3,5.0
16207A,4,2.6
16207B,3,1.3333333333333333
16216,38,80.8780487804878
16218,43,75.2
16219,41,62.02127659574468
16225,57,9.896103896103897
16235,68,32.901234567901234
16236,59,17.753424657534246
16237,109,27.207100591715978
16238,61,15.7625
16248B,7,1.8571428571428572
16254,7,3.4444444444444446
16258A,29,11.710526315789474
16259,28,109.03225806451613
17003,136,109.87081339712918
17011F,6,13.333333333333334
17012A,21,10.8
17012B,33,12.63888888888889
17012C,37,8.25
17012D,35,8.41304347826087
17012E,3,14.75
17012F,33,8.69047619047619
17013D,10,48.36363636363637
17014A,7,22.0
17021,30,42.578947368421055
17038,18,79.0
17084A,7,28.571428571428573
17084J,8,28.125
17084N,25,32.03125
17084P,12,26.846153846153847
17084R,16,149.33333333333334
17090A,9,10.9
17090D,6,2.230769230769231
17091A,19,6.615384615384615
17091J,66,22.703296703296704
17096,12,193.53846153846155
17107D,42,3.6382978723404253
17109D,4,12.2
17129F,11,22.473684210526315
17136A,16,20.2
17164B,9,2.9
17165D,6,3.857142857142857
17174,3,3.0
18007,15,325.3333333333333
18094C,13,8.933333333333334
18097A,4,1.25
18097C,43,12.017857142857142
18098C,24,5.078947368421052
20615,28,6.6
20616,19,5.36
20617,20,2.5384615384615383
20618,20,2.4285714285714284
20619,16,6.454545454545454
20622,24,4.9393939393939394
20652,26,4.166666666666667
20653,5,5.5
20654,21,4.375
20655,20,2.6176470588235294
20657,20,2.772727272727273
20658,44,5.290322580645161
20659,18,2.96875
20661,3,1.8
20662,4,2.2
20663,3,1.0
20664,3,2.0
20665,58,4.657534246575342
20666,4,1.0
20668,111,67.62765957446808
20669,36,4.148936170212766
20670,5,1.3333333333333333
20674,101,9.032894736842104
20675,149,12.075221238938052
20676,185,14.351973684210526
20677,133,14.102678571428571
20679,141,6.014760147601476
20681,29,3.676470588235294
20682,138,6.229508196721311
20684,30,2.3636363636363638
20685,329,6.737478411053541
20686,51,3.923076923076923
20694,9,3.272727272727273
20695,4,1.25
20696,10,3.2
20697,8,1.7272727272727273
20698,7,2.0
20699,11,2.6363636363636362
20700,4,2.5
20701,3,2.0
20702,31,3.1219512195121952
20704,38,5.410256410256411
20705,27,5.107142857142857
20707,20,5.0
20711,152,16.995951417004047
20712,248,16.472837022132797
20713,207,24.859857482185273
20716,31,8.971428571428572
20717,150,8.627118644067796
20718,236,10.933333333333334
20719,238,16.917582417582416
20723,230,13.694
20724,335,17.055925432756325
20725,532,13.589217919514047
20726,372,10.82541567695962
20727,458,10.218099547511311
20728,479,10.940343781597573
20731,8,9.25
20733,30,18.73469387755102
20735,11,5.266666666666667
20748,26,1.7666666666666666
20749,239,4.671195652173913
20750,235,4.664850136239782
20751,127,4.939086294416244
20752,91,3.1367521367521367
20754,153,5.580246913580247
20755,44,5.7254901960784315
20756,20,2.8636363636363638
20757,30,4.96969696969697
20758,35,3.659090909090909
20759,17,3.2
20760,18,3.1363636363636362
20761,46,2.0
20762,42,1.9803921568627452
20763,24,2.84
20764,45,2.064516129032258
20765,45,1.8113207547169812
20766,41,2.26
20767,50,3.557377049180328
20768,31,3.5405405405405403
20769,21,2.5384615384615383
20770,24,3.7241379310344827
20771,21,2.5357142857142856
20772,40,4.739130434782608
20773,21,2.3333333333333335
20774,21,2.260869565217391
20775,19,2.909090909090909
20777,32,2.638888888888889
20778,8,1.875
20780,13,1.9473684210526316
20781,19,1.391304347826087
20782,12,2.2222222222222223
20785,4,2.8
20793,4,2.0
20794,15,5.3125
20795,6,5.5
20796,8,7.625
20798,5,7.2
20801,47,15.418181818181818
20802,40,14.727272727272727
20803,26,28.65625
20819,14,3.0
20821,5,3.2
20823,6,20.5
20826,7,34.5
20828,116,5.440860215053763
20829,90,7.485207100591716
20830,19,3.75
20831,19,7.041666666666667
20832,47,18.140350877192983
20835,7,9.428571428571429
20836,14,10.0
20837,14,9.4
20838,30,10.0
20839,44,9.224489795918368
20840,35,10.545454545454545
20845,7,1.7272727272727273
20846,50,10.109375
20847,12,3.2857142857142856
20848,7,2.625
20851,5,1.2857142857142858
20854,16,9.222222222222221
20856,26,5.185185185185185
20857,7,4.0
20866,34,10.763157894736842
20867,23,7.48
20868,29,12.290322580645162
20869,17,7.722222222222222
20878,7,3.125
20886,56,5.734177215189874
20893,16,12.95
20894,9,2.7777777777777777
20897,8,10.625
20898,4,5.0
20902,6,5.5
20903,10,2.0
20914,356,7.869897959183674
20931,35,7.108108108108108
20932,22,8.590909090909092
20933,9,2.5555555555555554
20934,20,2.7
20935,4,1.5
20936,21,3.5384615384615383
20941,13,3.388888888888889
20956,51,11.967213114754099
20961,82,7.915384615384616
20963,83,8.746031746031745
20966,28,14.365853658536585
20967,63,3.3815789473684212
20969,157,7.243243243243243
20970,141,4.6594827586206895
20971,277,21.8482905982906
20972,312,12.965454545454545
20973,191,13.769759450171822
20974,195,22.224422442244226
20975,231,20.317460317460316
20977,111,11.013793103448275
20978,133,8.816216216216215
20979,164,15.055555555555555
20980,10,2.4545454545454546
20981,157,8.772511848341232
20982,158,9.094594594594595
20983,185,10.608
20984,135,21.642045454545453
20985,65,10.59375
20986,40,7.333333333333333
20992,162,16.724137931034484
20996,124,16.26063829787234
20997,4,3.0
20998,27,4.25
21000,16,2.7058823529411766
21001,12,1.9230769230769231
21002,5,2.6
21003,6,2.1666666666666665
21012,66,6.831325301204819
21014,64,17.614285714285714
21015,59,18.397058823529413
21018,4,4.4
21025,14,6.25
21026,20,5.72
21027,16,5.315789473684211
21028,15,5.523809523809524
21030,19,5.260869565217392
21031,9,3.6363636363636362
21032,13,4.0625
21033,75,8.458715596330276
21034,480,1.9884453781512605
21035,151,10.306666666666667
21038,20,3.347826086956522
21039,57,6.623376623376624
21040,8,2.75
21041,100,3.9452054794520546
21042,71,2.779816513761468
21043,52,7.637931034482759
21051,23,4.5
21054,24,2.5185185185185186
21055,63,1.7380952380952381
21056,46,2.6363636363636362
21058,68,11.402173913043478
21059,67,7.441558441558442
21060,47,6.716981132075472
21061,49,7.923076923076923
21062,55,8.080645161290322
21063,64,5.962962962962963
21064,40,2.933333333333333
21065,31,11.068181818181818
21066,32,16.38095238095238
21067,30,4.613636363636363
21068,81,12.182539682539682
21069,35,35.92307692307692
21070,51,13.075949367088608
21071,72,7.718181818181818
21078,148,12.165853658536586
21080,427,16.351925630810094
21084,90,20.745283018867923
21086,167,22.260135135135137
21087,10,12.6
21088,67,21.2972972972973
21089,23,9.625
21090,98,14.050420168067227
21094,179,22.411585365853657
21095,9,10.555555555555555
21096,63,16.32857142857143
21098,115,17.26086956521739
21100,7,5.375
21106,30,5.514285714285714
21107,48,12.727272727272727
21108,160,51.17766497461929
21109,54,11.465753424657533
21110,62,9.6875
21111,46,15.173076923076923
21112,37,27.065217391304348
21114,105,10.165413533834586
21115,104,3.9323308270676693
21116,81,4.1440677966101696
21117,11,6.764705882352941
21121,238,18.901162790697676
21122,214,16.68888888888889
21123,66,9.558823529411764
21124,180,17.112068965517242
21125,59,8.422535211267606
21126,57,7.072463768115942
21128,12,2.9375
21129,13,2.25
21131,11,5.470588235294118
21132,13,2.1875
21135,122,16.11904761904762
21136,259,12.3646408839779
21137,140,35.981072555205046
21143,26,10.206896551724139
21145,8,15.25
21147,11,4.045454545454546
21154,175,11.89179104477612
21155,205,6.814404432132964
21156,202,10.33673469387755
21157,12,3.2666666666666666
21158,103,9.206451612903226
21159,73,10.174311926605505
21161,25,3.5405405405405403
21162,98,10.114285714285714
21163,86,9.882352941176471
21164,166,6.856
21165,178,10.97275204359673
21166,287,16.65415986949429
21167,20,50.4
21169,191,12.025280898876405
21171,43,7.066666666666666
21172,236,8.70757180156658
21174,225,10.33157894736842
21175,343,17.108416547788874
21179,122,10.258620689655173
21181,361,16.778401122019634
21187,30,9.428571428571429
21188,27,8.647058823529411
21189,27,5.689655172413793
21190,6,24.0
21191,38,8.954545454545455
21192,32,21.511627906976745
21194,37,10.162790697674419
21195,21,17.375
21196,9,8.9
21197,13,18.692307692307693
21198,47,18.901960784313726
21199,45,17.632653061224488
21200,33,25.897435897435898
21201,44,15.666666666666666
21202,20,21.38095238095238
21204,44,8.215686274509803
21205,43,4.098039215686274
21206,55,15.844155844155845
21207,74,11.418604651162791
21208,50,15.31578947368421
21209,48,20.035087719298247
21210,244,15.434782608695652
21211,58,12.0
21212,635,31.547752808988765
21213,295,28.001956947162427
21215,51,13.151515151515152
21216,150,7.364
21217,167,3.7790697674418605
21218,130,9.990291262135923
21219,35,7.511627906976744
21220,34,5.690476190476191
21221,24,8.375
21222,26,5.2105263157894735
21224,58,8.843373493975903
21226,4,1.8
21231,215,14.914507772020725
21232,312,17.48060708263069
21238,160,12.567857142857143
21239,141,12.617647058823529
21240,149,14.41095890410959
21242,148,13.662222222222223
21243,103,14.181208053691275
21244,107,14.39864864864865
21245,72,9.844660194174757
21246,33,4.487179487179487
21248,45,3.5961538461538463
21249,68,8.50632911392405
21250,15,5.411764705882353
21251,32,4.714285714285714
21253,14,3.8823529411764706
21257,100,3.175324675324675
21258,61,4.009433962264151
21259,133,4.7196652719665275
21260,104,7.526666666666666
21261,24,6.185185185185185
21262,43,5.153846153846154
21263,32,4.230769230769231
21264,37,5.953488372093023
21265,15,8.0
21269,17,1.5555555555555556
21270,12,1.0769230769230769
21272,49,7.621212121212121
21275,9,1.1111111111111112
21277,19,1.15
21278,7,4.777777777777778
21279,12,5.416666666666667
21280,12,5.416666666666667
21281,6,5.833333333333333
21284,24,14.807692307692308
21285,26,10.606060606060606
21286,17,14.166666666666666
21287,47,33.111111111111114
21288,33,6.095238095238095
21289,19,23.31578947368421
21291,32,23.0
21292,25,33.26923076923077
21293,14,5.315789473684211
21294,46,25.6
21306,35,13.162162162162161
21307,11,6.076923076923077
21311,40,9.958333333333334
21313,96,21.702290076335878
21314,215,10.606936416184972
21316,9,14.9
21317,23,3.4285714285714284
21318,38,16.19047619047619
21319,12,12.25
21320,10,15.5
21324,20,3.45
21326,168,35.149825783972126
21327,99,3.635135135135135
21328,135,3.917525773195876
21329,120,3.4244186046511627
21331,7,1.5714285714285714
21332,8,1.75
21333,15,3.6666666666666665
21336,3,2.6666666666666665
21340,179,3.515151515151515
21344,5,2.8
21348,5,27.8
21349,7,1.7142857142857142
21351,27,3.0606060606060606
21352,35,8.405405405405405
21354,55,10.757142857142858
21355,95,6.815789473684211
21356,37,5.527272727272727
21357,9,1.7272727272727273
21358,54,5.466666666666667
21359,22,4.703703703703703
21360,14,2.642857142857143
21361,42,1.6851851851851851
21363,67,2.2
21364,19,1.1904761904761905
21365,35,7.909090909090909
21366,9,2.1818181818181817
21367,29,4.6571428571428575
21368,25,5.193548387096774
21369,12,7.538461538461538
21370,7,1.875
21371,27,8.59375
21372,18,2.68
21373,41,11.266666666666667
21374,37,7.35
21375,9,2.0
21376,13,2.2
21377,18,4.894736842105263
21378,21,5.863636363636363
21379,22,6.125
21380,138,8.906382978723403
21381,88,11.79861111111111
21382,64,10.885416666666666
21383,75,9.19047619047619
21385,153,16.34862385321101
21386,42,13.980392156862745
21389,81,9.980392156862745
21390,120,20.661202185792348
21391,69,12.037037037037036
21392,5,4.571428571428571
21393,7,3.625
21394,88,33.526315789473685
21395,63,35.59493670886076
21397,43,23.09090909090909
21398,43,30.591836734693878
21399,50,32.492063492063494
21400,42,17.4375
21401,48,17.11864406779661
21402,54,21.147540983606557
21403,58,24.197183098591548
21407,79,2.478723404255319
21408,50,3.3088235294117645
21411,147,3.8
21413,8,3.6
21415,25,6.4375
21416,4,1.25
21417,24,9.03125
21418,11,4.538461538461538
21420,12,3.2
21421,11,22.923076923076923
21422,32,33.91304347826087
21424,19,10.318181818181818
21425,12,4.1875
21426,15,11.833333333333334
21427,21,3.08
21428,117,6.005464480874317
21429,147,7.214285714285714
21430,186,8.345679012345679
21439,51,16.94871794871795
21441,34,9.894736842105264
21442,31,10.513513513513514
21445,17,10.19047619047619
21446,47,4.651162790697675
21447,56,8.141304347826088
21448,46,4.739130434782608
21452,109,5.518518518518518
21454,41,6.76595744680851
21455,32,7.742857142857143
21456,17,8.473684210526315
21457,15,7.1875
21458,18,8.31578947368421
21459,16,4.166666666666667
21460,9,2.888888888888889
21461,4,1.8
21462,57,2.8656716417910446
21463,77,4.916030534351145
21464,57,2.392156862745098
21465,55,3.0634920634920637
21466,71,2.934065934065934
21467,58,2.7564102564102564
21468,43,2.46
21469,57,3.5211267605633805
21470,77,2.9391304347826086
21471,77,5.26595744680851
21472,29,3.606060606060606
21473,16,1.2222222222222223
21476,14,1.7222222222222223
21479,252,6.910485933503836
21481,253,7.558139534883721
21484,205,5.235690235690235
21485,371,6.085766423357664
21486,4,2.0
21494,79,9.164179104477611
21495,102,35.15151515151515
21497,177,37.06896551724138
21498,238,31.389880952380953
21499,175,32.06018518518518
21500,162,29.812206572769952
21503,22,31.565217391304348
21504,74,19.422680412371133
21506,171,18.73517786561265
21507,139,16.110552763819097
21508,108,16.39041095890411
21509,142,17.64039408866995
21518,16,15.588235294117647
21519,100,16.842931937172775
21520,29,13.848484848484848
21523,203,7.758793969849246
21524,251,4.053658536585366
21527,95,3.391304347826087
21528,62,2.0112359550561796
21530,64,9.0
21531,143,6.94811320754717
21533,209,4.102803738317757
21534,94,2.49618320610687
21535,204,7.6875
21537,50,5.637931034482759
21539,123,4.367441860465116
21544,80,16.278260869565216
21547,13,4.235294117647059
21555,11,4.583333333333333
21556,38,17.106382978723403
21557,26,5.769230769230769
21558,167,7.076363636363636
21559,233,8.484018264840183
21561,116,7.303571428571429
21562,20,12.76
21563,95,10.134328358208956
21564,63,9.864077669902912
21576,40,3.847826086956522
21577,94,4.732758620689655
21578,68,6.976190476190476
21579,30,4.529411764705882
21580,21,3.75
21581,33,4.125
21584,119,6.70440251572327
21586,54,11.075757575757576
21587,25,6.566666666666666
21588,99,10.847826086956522
21591,114,7.707792207792208
21592,156,9.56
21609,59,10.146666666666667
21613,37,5.815789473684211
21614,7,6.857142857142857
21615,86,8.076923076923077
21616,84,6.9907407407407405
21617,62,5.9125
21618,48,5.224137931034483
21619,99,7.2
21620,97,6.190839694656488
21621,267,6.318407960199005
21622,76,3.872340425531915
21623,139,15.649038461538462
21624,72,2.4
21625,97,2.6016949152542375
21626,64,9.763157894736842
21627,14,1.5833333333333333
21628,14,2.588235294117647
21629,13,1.962962962962963
21630,13,2.4545454545454546
21631,15,9.6875
21632,5,12.0
21633,13,6.214285714285714
21634,22,41.21739130434783
21635,15,18.0
21636,60,11.756410256410257
21637,6,18.166666666666668
21638,25,7.34375
21640,38,10.20754716981132
21641,19,47.91304347826087
21642,79,26.365591397849464
21643,27,15.806451612903226
21644,29,6.323529411764706
21647,21,4.0344827586206895
21648,26,19.818181818181817
21650,48,32.30882352941177
21651,9,11.909090909090908
21654,40,18.92
21656,15,6.882352941176471
21657,11,1.8666666666666667
21658,82,5.946153846153846
21661,3,1.0
21662,14,4.625
21664,15,5.105263157894737
21666,21,11.636363636363637
21668,169,14.67930029154519
21669,167,13.576502732240437
21670,158,13.527027027027026
21671,164,14.366197183098592
21672,159,14.488888888888889
21673,154,14.014035087719298
21675,45,10.096153846153847
21676,21,6.59375
21677,62,9.575
21678,16,6.5
21679,67,12.114942528735632
21680,43,15.169811320754716
21682,42,3.54
21683,39,6.1875
21684,27,20.64864864864865
21686,6,1.8333333333333333
21688,36,8.102564102564102
21689,22,4.0
21690,6,2.6666666666666665
21692,7,2.125
21693,40,7.955555555555556
21694,18,15.15
21695,35,7.861111111111111
21696,27,7.533333333333333
21698,22,12.090909090909092
21700,58,14.551724137931034
21703,175,37.53846153846154
21704,137,25.272727272727273
21705,89,12.294642857142858
21706,53,3.318840579710145
21707,44,2.5531914893617023
21708,28,4.212121212121212
21709,30,2.806451612903226
21710,29,2.7096774193548385
21711,22,3.739130434782609
21713,103,5.392307692307693
21714,106,8.543307086614174
21715,116,8.20863309352518
21716,112,8.676258992805755
21717,34,10.657894736842104
21718,106,8.889655172413793
21719,29,8.6
21720,8,7.125
21721,19,7.954545454545454
21722,13,4.333333333333333
21723,29,9.275
21724,43,6.526315789473684
21725,26,8.5625
21726,29,6.416666666666667
21730,79,4.15
21731,266,24.057943925233644
21733,385,11.147988505747126
21735,60,2.5609756097560976
21736,5,13.333333333333334
21738,17,2.0454545454545454
21739,38,2.86
21741,27,4.678571428571429
21742,75,2.097826086956522
21743,28,8.59375
21744,66,4.369047619047619
21745,115,4.444976076555024
21746,122,15.903743315508022
21747,31,10.404761904761905
21749,80,17.757009345794394
21750,15,4.588235294117647
21754,360,3.7380281690140844
21755,337,3.3551724137931034
21756,168,3.09375
21757,3,2.0
21758,13,2.2857142857142856
21761,10,1.0
21763,4,1.5
21770,263,4.584302325581396
21773,50,15.59322033898305
21774,39,16.057692307692307
21775,34,6.902439024390244
21777,3,2.3333333333333335
21781,51,1.6829268292682926
21784,20,1.3421052631578947
21785,3,82.2
21786,55,16.552083333333332
21787,115,47.06989247311828
21788,59,17.434782608695652
21789,55,11.253521126760564
21790,449,18.119565217391305
21791,342,14.54786150712831
21792,58,4.728571428571429
21793,57,4.417910447761194
21794,79,5.387096774193548
21801,22,20.772727272727273
21802,45,20.408163265306122
21803,46,22.313725490196077
21804,37,4.341463414634147
21807,24,13.833333333333334
21808,21,4.545454545454546
21809,72,20.428571428571427
21810,129,28.06878306878307
21811,119,25.940119760479043
21812,36,5.069767441860465
21813,38,6.097560975609756
21814,11,5.0
21815,15,6.6
21816,6,3.7777777777777777
21817,48,14.885245901639344
21818,117,16.45731707317073
21819,95,19.108527131782946
21820,49,4.619047619047619
21821,35,5.439024390243903
21822,45,9.17910447761194
21823,61,15.532467532467532
21824,63,18.83116883116883
21826,16,4.428571428571429
21827,3,2.0
21828,53,4.422535211267606
21829,104,47.86666666666667
21830,63,28.25
21832,83,6.434426229508197
21833,87,21.9
21841,19,3.3181818181818183
21843,260,4.276595744680851
21844,99,13.338235294117647
21845,63,22.97590361445783
21846,12,3.0
21847,5,1.8
21849,16,2.08
21850,12,2.772727272727273
21851,12,1.7333333333333334
21864,65,6.161616161616162
21865,52,3.0972222222222223
21866,79,4.881818181818182
21867,56,3.022727272727273
21868,153,9.982978723404255
21870,97,9.624113475177305
21871,133,19.145454545454545
21872,81,10.233870967741936
21873,62,17.428571428571427
21874,110,14.551020408163266
21875,83,17.857142857142858
21876,141,17.74
21877,174,17.88294314381271
21878,120,15.26751592356688
21879,52,17.406779661016948
21880,84,14.58
21881,37,21.666666666666668
21882,35,14.634146341463415
21883,82,14.709677419354838
21884,43,23.113636363636363
21888,210,5.50709219858156
21889,336,12.399141630901287
21890,143,5.972222222222222
21891,264,22.120111731843576
21892,235,9.554098360655738
21894,57,6.346666666666667
21896,79,10.315217391304348
21898,6,63.57142857142857
21899,148,11.629464285714286
21900,166,11.433333333333334
21901,143,7.155737704918033
21902,114,11.467065868263473
21903,113,7.283870967741936
21904,21,2.04
21905,84,6.171171171171171
21906,71,5.08421052631579
21907,208,6.909638554216867
21908,220,9.540682414698162
21910,8,4.5
21911,18,5.25
21912,201,5.8118081180811805
21913,72,3.4269662921348316
21914,306,14.106261859582542
21915,349,36.99294532627866
21916,156,17.109803921568627
21917,132,21.666666666666668
21918,193,24.52097902097902
21922,113,4.491124260355029
21925,38,6.106060606060606
21926,35,6.9
21927,41,6.282828282828283
21928,264,17.67577413479053
21929,308,16.318481848184817
21930,220,11.862785862785863
21931,333,14.707535121328224
21932,218,7.54434250764526
21933,198,8.197278911564625
21934,85,9.006993006993007
21935,121,8.6
21936,223,9.685567010309278
21937,146,7.649038461538462
21942,14,7.0
21943,7,5.7
21944,24,6.823529411764706
21945,27,7.5
21946,8,6.545454545454546
21947,62,6.7727272727272725
21948,37,7.464285714285714
21949,46,10.389830508474576
21955,108,7.3354430379746836
21967,129,28.7
21972,35,7.487179487179487
21973,25,5.3
21974,177,8.890829694323145
21975,287,21.43816254416961
21976,181,17.186851211072664
21977,410,35.370262390670554
21980,192,25.884920634920636
21981,143,27.153846153846153
21982,182,27.1070110701107
21983,98,17.927419354838708
21984,123,20.425925925925927
21985,262,23.736842105263158
21986,118,25.38216560509554
21987,106,13.486842105263158
21988,101,14.724832214765101
21989,130,9.800947867298579
21990,127,6.553763440860215
21991,80,4.572815533980583
21992,160,5.3842592592592595
21993,151,6.443396226415095
22021,60,5.303030303030303
22023,71,13.290697674418604
22024,90,17.587786259541986
22025,73,19.95505617977528
22026,71,15.564356435643564
22027,180,15.716981132075471
22028,124,15.588235294117647
22029,234,19.79345088161209
22030,179,21.881632653061224
22031,28,11.34375
22032,28,11.64516129032258
22033,20,16.0
22035,65,15.977272727272727
22037,173,14.48473282442748
22038,19,25.0
22039,6,35.714285714285715
22040,27,25.892857142857142
22041,73,19.155778894472363
22042,24,14.307692307692308
22043,40,27.627906976744185
22044,35,22.666666666666668
22045,148,31.41062801932367
22046,62,30.0
22047,93,31.77570093457944
22048,32,30.46875
22049,26,32.03125
22050,37,30.625
22051,36,25.0
22052,22,24.82608695652174
22053,23,162.92307692307693
22055,102,8.432432432432432
22057,46,10.321428571428571
22059,85,11.431372549019608
22060,31,6.297297297297297
22061,86,4.346153846153846
22062,43,9.163934426229508
22063,56,6.112359550561798
22064,85,9.294797687861271
22065,132,35.977653631284916
22066,99,16.057142857142857
22067,32,7.627450980392157
22068,56,5.141176470588236
22069,26,5.641025641025641
22070,62,10.162790697674419
22071,64,9.48
22072,90,5.493243243243243
22073,38,6.122448979591836
22074,61,13.0
22075,96,12.52
22076,96,9.078947368421053
22077,413,11.458055925432756
22078,105,8.552631578947368
22079,190,7.360515021459228
22080,116,9.022900763358779
22081,74,6.538461538461538
22082,250,7.267045454545454
22083,294,9.613839285714286
22084,277,12.775456919060053
22085,62,6.851351351351352
22086,613,15.325809617271835
22087,155,14.260377358490565
22088,115,9.929824561403509
22089,142,6.502732240437158
22090,325,12.00523560209424
22091,97,14.407407407407407
22092,75,7.4222222222222225
22093,114,11.425
22094,117,13.551948051948052
22095,72,13.842105263157896
22096,89,11.559322033898304
22097,103,10.467105263157896
22098,98,12.960264900662251
22099,96,10.563909774436091
22100,34,18.225
22101,21,34.875
22102,13,85.16666666666667
22103,12,68.52941176470588
22104,9,12.583333333333334
22105,9,50.6
22106,9,23.833333333333332
22107,44,3.9594594594594597
22108,16,3.607142857142857
22109,100,8.484662576687116
22110,116,3.791411042944785
22111,425,6.347242921013413
22112,382,7.226890756302521
22113,337,5.844444444444444
22114,325,7.184615384615385
22115,152,8.08108108108108
22116,65,5.611111111111111
22117,58,17.916666666666668
22118,67,2.7375
22119,82,3.1636363636363636
22120,121,2.9705882352941178
22121,94,2.8706896551724137
22123,59,5.986486486486487
22124,14,3.2916666666666665
22127,20,19.142857142857142
22128,62,24.01388888888889
22129,33,26.81081081081081
22130,78,16.53846153846154
22131,115,9.947368421052632
22132,60,11.265060240963855
22133,41,11.7
22134,29,11.175438596491228
22135,22,5.346938775510204
22136,37,6.30188679245283
22137,9,6.181818181818182
22138,581,5.532871972318339
22139,488,5.099639855942377
22141,256,6.8
22142,259,9.228228228228229
22144,319,7.935926773455377
22147,287,13.525386313465784
22148,148,11.024242424242424
22149,337,12.452431289640591
22150,288,7.0774818401937045
22151,174,50.09090909090909
22152,70,23.989795918367346
22153,61,26.440860215053764
22154,87,29.93220338983051
22155,67,23.43617021276596
22156,106,11.79245283018868
22157,11,19.272727272727273
22158,196,10.722222222222221
22161,118,23.674285714285713
22162,21,3.7857142857142856
22163,41,12.27450980392157
22164,11,5.916666666666667
22165,27,7.026315789473684
22166,13,7.625
22167,41,2.0508474576271185
22168,69,1.8533333333333333
22169,165,3.745644599303136
22170,142,4.546666666666667
22171,172,5.5941558441558445
22173,210,6.2894736842105265
22174,104,15.101123595505618
22175,84,5.964539007092198
22176,62,4.841584158415841
22178,403,27.19151515151515
22179,98,4.373626373626373
22180,92,2.2954545454545454
22181,40,12.543478260869565
22182,30,5.421052631578948
22183,16,4.352941176470588
22184,3,2.0
22185,111,10.984615384615385
22186,111,6.73109243697479
22187,123,8.047619047619047
22188,123,29.005988023952096
22189,274,17.854030501089326
22190,38,10.884615384615385
22191,239,3.5561097256857854
22192,179,2.6834319526627217
22193,206,3.2267303102625298
22194,24,1.606060606060606
22195,148,7.451754385964913
22196,146,9.208494208494209
22197,407,46.05149812734082
22198,42,16.471698113207548
22199,71,3.878787878787879
22200,51,4.233766233766234
22201,29,2.7
22202,16,2.2941176470588234
22203,75,3.4065934065934065
22204,23,3.096774193548387
22207,68,10.526315789473685
22208,148,6.1380952380952385
22209,100,6.5476190476190474
22210,117,6.093333333333334
22211,101,5.931818181818182
22212,145,5.386363636363637
22214,18,5.428571428571429
22215,71,3.707865168539326
22216,17,16.35
22217,63,11.76923076923077
22219,190,10.407407407407407
22220,64,2.8533333333333335
22221,37,2.8181818181818183
22222,104,5.530201342281879
22223,34,7.325581395348837
22224,89,5.880341880341881
22227,83,10.81868131868132
22228,81,9.063829787234043
22229,54,7.734375
22230,50,14.030303030303031
22231,93,7.828828828828829
22232,54,10.21311475409836
22233,70,6.679012345679013
22236,67,3.5
22241,125,10.51764705882353
22242,23,23.37037037037037
22243,71,27.52252252252252
22244,66,16.670103092783506
22245,44,20.67241379310345
22246,31,7.722222222222222
22247,54,7.950819672131147
22248,43,8.148936170212766
22249,73,7.5
22250,57,7.610169491525424
22251,66,6.933333333333334
22252,48,9.154929577464788
22254,33,14.487804878048781
22255,33,12.318181818181818
22256,32,6.717948717948718
22257,16,15.722222222222221
22258,35,20.055555555555557
22259,16,22.58823529411765
22260,37,8.2
22261,61,6.582278481012659
22262,62,9.525773195876289
22263,14,12.19047619047619
22264,38,31.65909090909091
22265,42,9.345454545454546
22266,69,21.63953488372093
22267,67,10.753246753246753
22268,73,18.198019801980198
22269,62,9.44943820224719
22270,35,4.688888888888889
22271,181,6.285171102661597
22272,43,4.127659574468085
22273,211,14.896666666666667
22274,168,5.466386554621849
22276,53,4.080645161290323
22277,54,5.634920634920635
22278,59,2.8045977011494254
22279,43,9.411764705882353
22280,26,5.53125
22281,35,2.477272727272727
22282,39,1.734375
22283,82,2.1864406779661016
22284,78,8.663461538461538
22285,74,8.872340425531915
22286,64,12.817073170731707
22287,51,12.711864406779661
22288,37,10.295454545454545
22289,19,5.7272727272727275
22291,72,12.814432989690722
22292,76,11.452631578947368
22293,63,9.224719101123595
22294,162,20.839080459770116
22295,155,12.384615384615385
22296,189,10.757042253521126
22297,157,16.650862068965516
22299,38,31.333333333333332
22300,100,9.931506849315069
22301,123,11.448648648648648
22302,134,11.916666666666666
22303,155,11.991341991341992
22304,38,15.5
22305,35,15.545454545454545
22306,85,11.048543689320388
22307,53,11.758064516129032
22308,27,4.027777777777778
22309,48,4.4393939393939394
22310,29,10.018867924528301
22311,61,10.54
22312,61,5.13265306122449
22313,41,9.875
22314,58,5.385416666666667
22315,90,6.237704918032787
22316,28,15.19047619047619
22317,35,4.3
22318,67,4.4
22319,53,21.365079365079364
22320,56,2.652173913043478
22321,45,13.10344827586207
22322,30,10.54054054054054
22324,20,7.6
22325,49,2.593220338983051
22326,281,13.300492610837438
22327,106,4.809248554913295
22328,227,13.760084925690022
22329,103,9.065359477124183
22331,101,12.363636363636363
22332,92,7.4961832061068705
22333,167,16.143382352941178
22334,77,7.434782608695652
22335,88,15.218045112781954
22336,47,43.075471698113205
22337,24,23.51851851851852
22338,94,34.53719008264463
22339,44,41.50909090909091
22340,53,15.761904761904763
22341,37,9.878048780487806
22342,49,16.01923076923077
22343,48,26.640625
22344,34,22.319148936170212
22345,29,22.09090909090909
22346,23,26.029411764705884
22348,144,14.915057915057915
22349,85,11.560344827586206
22350,63,15.235955056179776
22352,185,8.619335347432024
22353,23,2.44
22354,43,10.76923076923077
22355,249,14.98330550918197
22356,220,14.700201207243461
22357,69,3.7241379310344827
22358,87,4.035398230088496
22359,47,2.5714285714285716
22360,102,5.906666666666666
22361,92,4.277777777777778
22362,62,4.308641975308642
22363,46,7.566666666666666
22364,69,5.242424242424242
22365,83,5.748031496062992
22366,104,4.628205128205129
22367,298,7.7527352297593
22371,144,3.267716535433071
22372,81,2.1881188118811883
22374,108,2.8176100628930816
22375,67,2.5555555555555554
22376,66,2.2705882352941176
22377,83,9.885714285714286
22378,69,16.047619047619047
22379,187,14.705314009661835
22380,114,5.78
22381,133,10.742372881355932
22382,490,9.833333333333334
22383,434,10.823638042474608
22384,444,10.714733542319749
22385,247,16.91170431211499
22386,372,22.65730337078652
22389,36,9.13888888888889
22390,24,8.419354838709678
22391,18,8.11111111111111
22393,43,9.74
22394,16,10.0
22395,15,8.933333333333334
22396,87,10.553571428571429
22398,167,10.969827586206897
22399,71,12.988505747126437
22400,112,9.164473684210526
22402,107,11.442953020134228
22403,72,14.220930232558139
22405,46,6.196428571428571
22406,49,4.984375
22407,17,3.9166666666666665
22408,20,5.956521739130435
22409,36,4.8
22410,34,4.8478260869565215
22411,375,13.09838107098381
22412,73,7.495726495726496
22413,228,10.307262569832401
22414,37,3.6142857142857143
22415,13,1.4615384615384615
22416,54,13.492063492063492
22417,270,19.292857142857144
22418,179,25.790123456790123
22419,94,16.93975903614458
22420,55,13.781609195402298
22421,80,15.65040650406504
22422,53,12.61038961038961
22423,881,7.197910621009867
22424,189,2.173780487804878
22425,110,3.078014184397163
22426,104,4.52054794520548
22427,311,4.4630872483221475
22428,75,2.402173913043478
22429,227,3.670769230769231
22430,131,3.2771084337349397
22431,159,7.100358422939068
22432,158,6.866666666666666
22433,121,7.020942408376963
22434,94,6.7155172413793105
22435,153,12.126696832579185
22436,105,14.551724137931034
22437,140,15.494318181818182
22438,66,12.162162162162161
22439,116,10.846625766871165
22440,100,40.39041095890411
22441,130,5.745664739884393
22442,68,3.945945945945946
22443,60,1.8888888888888888
22444,29,22.441176470588236
22445,72,4.72
22446,25,3.926829268292683
22447,16,4.6875
22448,29,5.5
22449,65,4.101123595505618
22450,41,3.4074074074074074
22451,35,5.17948717948718
22452,53,5.705882352941177
22453,38,7.1063829787234045
22454,31,6.0
22456,220,4.745098039215686
22457,587,8.653061224489797
22458,12,36.642857142857146
22459,12,25.0
22460,118,14.518292682926829
22461,35,5.133333333333334
22464,191,11.228070175438596
22465,119,12.05521472392638
22466,114,19.269736842105264
22467,262,13.119453924914676
22468,82,4.025862068965517
22469,573,17.03045685279188
22470,485,11.71062271062271
22471,53,5.538461538461538
22472,58,3.573170731707317
22473,58,5.531645569620253
22474,70,2.9397590361445785
22475,49,2.5089285714285716
22476,61,10.265822784810126
22477,63,18.169014084507044
22478,59,18.4025974025974
22479,48,19.962962962962962
22480,57,9.014705882352942
22481,68,7.977011494252873
22482,40,9.333333333333334
22483,91,5.417910447761194
22485,142,2.8
22486,9,5.2
22487,278,1.9052631578947368
22488,211,9.330128205128204
22489,232,28.925465838509318
22491,162,19.261083743842363
22492,213,80.23384615384616
22493,125,13.077777777777778
22494,79,7.4789915966386555
22495,60,3.6666666666666665
22496,63,3.4714285714285715
22497,50,2.966666666666667
22498,68,2.3608247422680413
22499,217,5.79933110367893
22500,78,2.6666666666666665
22501,187,4.61003861003861
22502,175,6.2259414225941425
22503,15,4.0
22504,31,4.102564102564102
22505,186,5.093283582089552
22507,230,8.005747126436782
22508,177,6.316666666666666
22509,71,2.5
22510,34,5.0
22511,44,5.104166666666667
22512,28,3.5757575757575757
22513,37,2.5961538461538463
22514,61,3.4342105263157894
22515,53,3.761904761904762
22516,35,3.8863636363636362
22517,48,3.206896551724138
22518,44,5.842105263157895
22519,53,5.6923076923076925
22520,88,6.588785046728972
22521,81,6.07
22522,100,7.443548387096774
22523,98,7.092436974789916
22524,55,8.969696969696969
22525,42,8.807692307692308
22526,55,1.671641791044776
22529,52,13.161290322580646
22530,143,18.892473118279568
22531,127,19.837349397590362
22532,54,15.632352941176471
22533,68,22.088607594936708
22534,172,20.92270531400966
22535,88,15.185840707964601
22536,109,31.89864864864865
22537,115,13.173913043478262
22538,25,14.333333333333334
22539,74,31.377777777777776
22540,50,37.707692307692305
22541,19,21.181818181818183
22543,32,35.02439024390244
22544,101,34.484375
22545,40,22.6875
22546,50,34.416666666666664
22547,41,14.470588235294118
22548,149,10.179347826086957
22549,195,11.968
22550,136,6.261363636363637
22551,339,12.902356902356903
22553,281,8.698275862068966
22554,351,12.077685950413223
22555,294,12.765726681127983
22556,305,11.209039548022599
22557,315,9.182730923694779
22558,363,12.99074074074074
22559,33,9.923076923076923
22560,229,23.780415430267063
22561,288,13.958333333333334
22562,149,7.13265306122449
22563,171,10.629770992366412
22564,120,15.723529411764705
22565,85,7.4363636363636365
22566,94,6.725806451612903
22567,135,12.333333333333334
22568,244,7.708920187793427
22569,192,8.96345514950166
22570,202,9.063063063063064
22571,152,11.92972972972973
22572,114,9.511278195488721
22573,127,15.673076923076923
22574,131,13.275
22575,61,7.8734177215189876
22576,102,10.915384615384616
22577,343,20.383333333333333
22578,332,21.258278145695364
22579,226,16.694444444444443
22580,126,4.976190476190476
22581,83,10.48076923076923
22582,73,13.025316455696203
22583,73,6.69620253164557
22584,127,14.365384615384615
22585,241,17.82941176470588
22586,100,6.745762711864407
22587,103,6.814516129032258
22588,110,4.416058394160584
22589,46,5.568965517241379
22591,53,5.936507936507937
22592,79,5.56043956043956
22593,106,14.429577464788732
22594,93,13.841269841269842
22595,274,17.61081081081081
22596,196,13.708333333333334
22597,95,20.601626016260163
22598,42,15.092592592592593
22599,58,20.971830985915492
22600,120,10.620689655172415
22601,121,14.532467532467532
22602,141,10.839779005524862
22603,111,9.885496183206106
22604,77,10.289473684210526
22605,181,2.9419087136929463
22606,110,2.259259259259259
22607,224,4.133550488599348
22608,63,58.03529411764706
22609,89,46.578512396694215
22610,123,52.86705202312139
22611,36,5.341463414634147
22613,82,12.939130434782609
22614,132,16.897142857142857
22615,61,28.914285714285715
22616,195,63.841309823677584
22617,296,5.04215456674473
22618,23,2.64
22619,250,6.638728323699422
22620,260,11.944148936170214
22621,366,11.314779270633398
22622,174,5.606060606060606
22623,165,4.16289592760181
22624,376,2.8078740157480313
22625,292,3.243956043956044
22626,134,2.7096774193548385
22627,193,2.579804560260586
22628,85,6.458333333333333
22629,322,19.331944444444446
22630,287,17.82389937106918
22631,168,12.881679389312977
22632,260,11.811827956989248
22633,300,10.097872340425532
22634,155,3.514423076923077
22635,143,3.60989010989011
22636,141,3.1043956043956045
22637,188,9.845864661654135
22638,37,6.7105263157894735
22639,101,5.824427480916031
22640,33,4.428571428571429
22641,23,4.666666666666667
22642,39,5.622222222222222
22643,29,5.78125
22644,146,10.8
22645,161,7.413502109704641
22646,185,13.827464788732394
22647,34,20.02777777777778
22649,86,4.497005988023952
22650,78,7.407407407407407
22651,73,21.19148936170213
22652,263,12.19047619047619
22653,73,8.78688524590164
22654,157,4.723214285714286
22655,34,1.5789473684210527
22656,17,1.3
22659,213,20.97164461247637
22660,56,4.739130434782608
22661,172,14.570200573065902
22662,310,10.659609120521173
22663,171,9.738993710691824
22664,62,6.294117647058823
22665,163,5.254310344827586
22666,471,8.746144721233689
22667,233,6.3215859030837
22668,162,9.492753623188406
22669,143,6.149700598802395
22670,141,8.312796208530806
22671,75,8.836538461538462
22672,125,8.6375
22673,85,6.831858407079646
22674,106,8.608108108108109
22675,94,9.1875
22676,61,7.428571428571429
22677,59,7.734513274336283
22678,59,7.29126213592233
22679,54,7.032608695652174
22680,61,7.233009708737864
22681,45,7.554216867469879
22682,52,7.725
22683,54,7.1875
22684,41,7.60655737704918
22685,49,7.757142857142857
22686,39,11.767123287671232
22687,30,16.228571428571428
22688,26,25.925925925925927
22689,94,5.433628318584071
22690,198,6.049242424242424
22691,65,3.5833333333333335
22692,231,4.052941176470588
22693,167,66.69456066945607
22694,228,5.166666666666667
22695,82,7.091836734693878
22696,108,5.338461538461538
22697,387,8.94297635605007
22698,319,9.148972602739725
22699,423,11.400749063670412
22700,41,24.367346938775512
22701,39,8.226415094339623
22702,35,31.558139534883722
22703,30,4.2
22704,129,30.316091954022987
22705,61,25.333333333333332
22706,64,29.71014492753623
22707,41,26.595744680851062
22708,79,28.03030303030303
22709,38,33.97435897435897
22710,79,44.25
22711,89,28.237623762376238
22712,141,19.99537037037037
22713,109,21.348387096774193
22714,125,21.72258064516129
22715,78,15.36734693877551
22716,167,14.362790697674418
22717,69,13.448275862068966
22718,70,14.716981132075471
22719,25,13.617647058823529
22720,640,6.0569456427955135
22721,183,3.6546184738955825
22722,393,7.970326409495549
22723,170,4.3580246913580245
22725,171,5.414634146341464
22726,322,6.981435643564357
22727,388,8.03225806451613
22728,291,8.170692431561998
22729,179,5.94550408719346
22730,241,5.719077568134172
22731,85,10.141509433962264
22732,102,11.984251968503937
22733,119,10.215277777777779
22734,278,8.28862973760933
22735,73,7.561797752808989
22736,130,7.109677419354838
22737,148,6.457894736842105
22738,147,11.088397790055248
22739,168,7.490566037735849
22740,89,61.91588785046729
22741,107,53.729032258064514
22742,77,6.9010989010989015
22743,115,5.703947368421052
22744,123,5.553333333333334
22745,216,5.484662576687117
22746,179,5.132295719844358
22747,123,5.051724137931035
22748,233,5.30812324929972
22749,275,5.280285035629453
22750,247,5.023017902813299
22751,184,5.9372549019607845
22752,188,5.495016611295681
22753,98,5.464285714285714
22754,120,9.193877551020408
22755,110,7.9646464646464645
22756,68,5.956989247311828
22757,81,8.850877192982455
22758,85,8.63076923076923
22759,253,15.49702380952381
22760,50,3.9242424242424243
22761,21,1.4166666666666667
22762,74,1.6666666666666667
22763,76,2.0319148936170213
22765,3,8.333333333333334
22766,278,6.879828326180258
22767,152,3.6586538461538463
22768,184,3.5617021276595744
22769,3,2.0
22770,44,1.509090909090909
22771,168,17.224550898203592
22772,84,18.89830508474576
22773,82,12.346666666666666
22774,56,20.07
22775,79,16.236024844720497
22776,327,2.47450110864745
22777,37,7.880952380952381
22778,80,6.758928571428571
22779,88,10.098684210526315
22780,82,10.151515151515152
22781,118,3.31055900621118
22782,65,3.2567567567567566
22783,29,14.4375
22784,192,4.5130111524163565
22785,48,3.925925925925926
22786,31,2.918918918918919
22788,33,4.456521739130435
22789,101,6.396946564885496
22791,184,27.57894736842105
22792,100,17.79230769230769
22794,114,1.910828025477707
22795,170,3.776632302405498
22796,146,2.5767441860465117
22797,63,1.8481012658227849
22798,126,8.693121693121693
22799,70,2.475
22800,109,5.503597122302159
22801,123,5.393939393939394
22802,30,1.8857142857142857
22803,18,1.84
22804,252,6.814726840855107
22805,77,12.592
22806,28,8.678571428571429
22807,74,6.09009009009009
22808,51,5.925925925925926
22809,141,6.692737430167598
22810,106,6.439716312056738
22811,37,13.839285714285714
22812,98,12.37007874015748
22813,116,14.707792207792208
22814,75,16.46875
22815,79,15.87719298245614
22816,158,19.1
22817,79,14.746031746031745
22818,151,19.28048780487805
22819,94,14.666666666666666
22820,42,16.543478260869566
22821,52,12.447761194029852
22822,121,2.8758620689655174
22823,13,1.8461538461538463
22824,42,1.2790697674418605
22825,23,2.8
22826,33,1.4146341463414633
22827,21,1.3461538461538463
22828,7,1.4285714285714286
22829,80,2.1717171717171717
22830,5,21.833333333333332
22831,91,6.452830188679245
22832,64,2.246376811594203
22833,4,18.75
22834,199,15.494983277591974
22835,316,5.737451737451737
22837,108,7.294117647058823
22838,115,4.794117647058823
22839,107,2.618705035971223
22840,193,3.5217391304347827
22841,156,2.58
22842,120,3.9178082191780823
22843,92,3.773913043478261
22844,176,2.7905405405405403
22845,155,2.970464135021097
22846,158,2.5140562248995986
22847,214,2.4883040935672516
22848,68,2.6964285714285716
22849,79,2.5454545454545454
22851,198,8.784511784511784
22852,83,3.2777777777777777
22853,76,4.267326732673268
22854,123,5.033557046979865
22855,152,13.933333333333334
22856,21,25.636363636363637
22857,56,18.950819672131146
22858,103,9.56637168141593
22859,111,8.846153846153847
22860,82,6.517241379310345
22861,36,7.684210526315789
22862,42,3.108695652173913
22863,77,7.294736842105263
22865,375,13.66161616161616
22866,329,12.187250996015937
22867,333,12.297131147540984
22868,10,4.909090909090909
22869,18,3.6315789473684212
22870,14,3.9411764705882355
22871,10,5.2
22872,13,4.230769230769231
22873,12,3.6153846153846154
22874,10,4.5
22875,14,3.642857142857143
22876,11,4.7272727272727275
22877,12,4.3076923076923075
22878,10,4.7272727272727275
22879,6,7.75
22880,8,6.0
22881,9,6.076923076923077
22882,13,4.15
22883,9,7.090909090909091
22884,12,4.6875
22885,10,6.583333333333333
22886,8,5.6923076923076925
22887,8,6.0
22888,7,7.875
22889,6,16.333333333333332
22890,94,2.4563758389261743
22891,69,3.1944444444444446
22892,117,12.49238578680203
22893,45,22.181818181818183
22894,82,2.6454545454545455
22895,163,8.081632653061224
22896,144,6.628318584070796
22897,135,7.459770114942529
22898,201,7.75
22899,190,7.564885496183206
22900,194,11.804123711340207
22902,71,12.625
22903,21,4.78125
22904,162,7.33609958506224
22905,50,6.927536231884058
22906,150,8.14
22907,357,10.8
22908,212,13.067901234567902
22909,368,15.894324853228962
22910,470,13.230014025245442
22911,68,5.341463414634147
22912,74,2.967032967032967
22913,78,3.442105263157895
22914,106,3.1470588235294117
22915,110,21.850746268656717
22916,130,9.376288659793815
22917,132,9.383838383838384
22918,130,9.107692307692307
22919,132,8.429292929292929
22920,133,17.15979381443299
22921,116,9.581395348837209
22922,73,16.84090909090909
22923,64,16.855263157894736
22924,63,15.631578947368421
22925,125,2.6036585365853657
22926,140,3.0591397849462365
22927,94,3.062015503875969
22928,62,2.852272727272727
22929,13,1.4615384615384615
22930,120,7.081632653061225
22931,95,7.0265486725663715
22932,51,13.625
22933,82,9.521739130434783
22934,65,8.115942028985508
22935,46,12.942307692307692
22936,30,7.371428571428571
22937,122,6.673758865248227
22938,160,13.494186046511627
22939,77,4.3076923076923075
22940,240,6.019047619047619
22941,205,6.1647058823529415
22942,111,4.401515151515151
22943,128,7.950310559006211
22944,50,45.06666666666667
22945,118,20.45
22946,64,4.065934065934066
22947,81,5.153846153846154
22948,69,13.735849056603774
22949,81,10.885057471264368
22950,156,31.017964071856287
22951,237,19.639566395663955
22952,343,29.756048387096776
22953,61,5.542168674698795
22954,20,5.689655172413793
22955,91,9.054054054054054
22956,144,11.252808988764045
22957,179,8.701492537313433
22959,133,34.82857142857143
22960,573,9.189402480270575
22961,537,17.205714285714286
22962,180,14.902834008097166
22963,165,14.554502369668246
22964,216,8.324503311258278
22965,171,6.30622009569378
22966,388,12.594405594405595
22967,122,8.795454545454545
22968,118,5.027586206896552
22969,429,23.29865125240848
22970,180,14.950704225352112
22971,164,10.063829787234043
22972,139,9.320652173913043
22973,81,10.642857142857142
22974,126,9.401234567901234
22975,110,7.763888888888889
22976,77,9.025862068965518
22977,98,8.008849557522124
22978,153,12.156565656565656
22979,225,12.523961661341852
22980,198,9.267206477732794
22981,58,5.7368421052631575
22982,120,7.108843537414966
22983,223,15.12912912912913
22984,91,18.859154929577464
22985,77,39.0625
22986,124,26.62987012987013
22987,4,25.0
22988,197,26.097633136094675
22989,241,8.481132075471699
22990,117,4.215277777777778
22991,185,15.394190871369295
22992,217,16.611486486486488
22993,431,13.204927211646137
22994,89,12.92638036809816
22995,90,11.957219251336898
22996,155,15.122923588039868
22997,101,13.586021505376344
22998,217,26.270089285714285
22999,108,14.896373056994818
23000,125,14.634615384615385
23002,85,14.331034482758621
23003,38,10.20754716981132
23004,73,14.434108527131784
23005,105,24.153846153846153
23006,88,12.969465648854962
23007,110,3.1468531468531467
23008,99,3.4508196721311477
23009,48,3.4262295081967213
23010,73,3.202247191011236
23012,151,5.009852216748769
23013,135,4.758241758241758
23014,122,4.878048780487805
23015,15,2.176470588235294
23016,19,3.6315789473684212
23017,20,3.0476190476190474
23018,19,2.5
23019,26,2.892857142857143
23020,67,2.4444444444444446
23021,24,4.538461538461538
23022,19,18.08695652173913
23023,23,10.88
23024,8,25.4
23025,40,6.891304347826087
23026,43,9.0
23027,26,10.62962962962963
23028,88,10.75
23029,97,9.304347826086957
23031,93,8.9
23032,117,11.91578947368421
23033,42,11.416666666666666
23034,57,11.548780487804878
23035,110,12.288235294117648
23036,14,11.4375
23037,17,10.722222222222221
23038,4,6.833333333333333
23039,22,8.347826086956522
23040,33,6.473684210526316
23041,46,5.416666666666667
23042,25,3.96
23043,18,3.9473684210526314
23044,24,3.814814814814815
23045,22,5.043478260869565
23046,31,10.205882352941176
23047,25,2.230769230769231
23048,81,6.130434782608695
23049,103,2.57396449704142
23050,116,2.6079545454545454
23051,95,2.518796992481203
23052,147,2.583710407239819
23053,105,2.453846153846154
23054,81,2.4363636363636365
23055,33,14.384615384615385
23056,33,21.195121951219512
23057,38,15.386363636363637
23058,39,11.045454545454545
23060,34,5.951219512195122
23061,76,10.593406593406593
23064,20,10.0
23065,81,2.763440860215054
23066,69,3.223684210526316
23067,63,3.551282051282051
23068,106,6.052631578947368
23069,27,2.78125
23070,29,4.454545454545454
23071,16,14.409090909090908
23072,21,14.818181818181818
23073,49,2.3666666666666667
23074,32,6.25
23075,61,5.875
23076,202,31.80722891566265
23077,217,31.26860841423948
23078,159,31.018779342723004
23079,83,2.336448598130841
23080,148,4.399122807017544
23081,80,3.913793103448276
23082,205,8.296703296703297
23083,161,8.732394366197184
23084,450,32.30641330166271
23085,64,4.617283950617284
23086,31,32.270270270270274
23087,43,16.93877551020408
23088,52,13.333333333333334
23089,101,15.478260869565217
23090,96,16.904761904761905
23091,160,2.85
23092,96,4.0396825396825395
23093,105,7.387096774193548
23094,65,1.9864864864864864
23096,89,8.46218487394958
23099,46,2.4
23100,180,9.427927927927929
23101,175,9.938775510204081
23102,128,8.645833333333334
23103,231,11.793413173652695
23104,38,2.6363636363636362
23106,49,5.66
23107,60,5.573770491803279
23108,271,6.19774011299435
23109,178,9.810126582278482
23110,157,3.004524886877828
23111,80,2.368
23112,134,2.5652173913043477
23113,39,26.46511627906977
23114,40,3.5121951219512195
23115,38,3.675
23116,17,4.0
23117,39,2.1794871794871793
23118,154,3.4
23119,97,18.427350427350426
23120,69,17.91304347826087
23121,81,25.677083333333332
23122,89,21.141414141414142
23123,64,13.043478260869565
23124,23,20.958333333333332
23125,15,25.3125
23126,198,3.91726618705036
23127,146,3.8594594594594596
23128,112,3.303030303030303
23129,138,5.709090909090909
23130,139,5.497005988023952
23131,91,8.127272727272727
23132,115,7.097222222222222
23133,94,5.664179104477612
23134,29,28.756756756756758
23135,31,36.61904761904762
23136,39,2.8863636363636362
23137,18,4.0
23138,60,10.9375
23139,20,16.958333333333332
23140,29,4.571428571428571
23141,18,3.7777777777777777
23142,34,3.2222222222222223
23143,12,2.0833333333333335
23144,180,20.563025210084035
23145,128,13.602649006622517
23146,151,3.5990783410138247
23147,170,7.235294117647059
23148,143,8.680327868852459
23149,17,5.105263157894737
23150,33,3.475
23151,18,3.0
23152,108,3.585526315789474
23153,67,3.1794871794871793
23154,141,10.842105263157896
23155,84,18.63716814159292
23156,117,8.575916230366492
23157,111,16.62091503267974
23158,96,13.428571428571429
23159,121,11.301980198019802
23160,50,23.016393442622952
23161,58,23.647058823529413
23162,96,9.591549295774648
23163,95,12.791044776119403
23164,70,7.05
23165,167,13.12888888888889
23166,138,393.5151515151515
23167,129,30.793478260869566
23168,140,12.780269058295964
23169,203,5.483018867924528
23170,224,19.98480243161094
23171,195,22.014760147601475
23172,160,16.464285714285715
23173,248,7.3850415512465375
23174,190,10.988847583643123
23175,206,11.23076923076923
23176,159,11.058201058201059
23177,174,11.05
23178,50,5.473684210526316
23179,36,7.6
23180,29,2.888888888888889
23181,60,2.681159420289855
23182,140,12.786516853932584
23183,45,3.016949152542373
23184,129,3.909547738693467
23185,27,10.09375
23186,57,27.91549295774648
23187,66,31.173333333333332
23188,207,10.756944444444445
23189,89,10.657894736842104
23190,145,9.322222222222223
23191,182,8.46692607003891
23192,224,10.141975308641975
23193,109,12.972027972027972
23194,142,9.909604519774012
23196,170,7.242798353909465
23197,116,7.354838709677419
23198,259,7.94559585492228
23199,344,19.128099173553718
23200,262,14.115303983228511
23201,396,16.47831800262812
23202,377,13.703324808184144
23203,505,17.774134790528233
23204,199,16.484777517564403
23205,201,14.7621776504298
23206,401,12.921787709497206
23207,377,11.257824143070044
23208,305,10.121951219512194
23209,469,12.63751214771623
23210,115,16.585798816568047
23211,82,18.4
23212,104,14.14935064935065
23213,95,12.76
23214,79,7.928571428571429
23215,162,17.472906403940886
23216,32,12.634146341463415
23217,64,15.0
23218,27,11.272727272727273
23219,41,7.769230769230769
23220,55,11.772151898734178
23221,85,12.81578947368421
23222,49,11.757575757575758
23223,51,10.67142857142857
23224,44,12.186440677966102
23225,46,18.52857142857143
23226,56,16.65277777777778
23227,61,18.298850574712645
23228,58,17.68354430379747
23229,186,8.237442922374429
23230,178,34.12017167381974
23231,190,28.11284046692607
23232,188,35.49794238683128
23233,130,32.54716981132076
23234,201,6.957446808510638
23235,88,7.363636363636363
23236,203,8.307432432432432
23237,131,6.141176470588236
23238,150,7.327868852459017
23239,125,5.049079754601227
23240,323,8.238955823293173
23241,183,6.861016949152543
23242,132,7.326530612244898
23243,275,11.987146529562983
23244,87,8.80952380952381
23245,472,8.055020632737277
23247,231,7.436823104693141
23249,57,11.623188405797102
23250,64,12.393258426966293
23251,80,15.980582524271844
23252,104,4.609375
23253,44,4.553191489361702
23254,204,5.859154929577465
23255,116,6.6875
23256,232,6.115151515151515
23263,269,8.693735498839906
23264,177,6.910112359550562
23265,180,6.222222222222222
23266,201,6.64983164983165
23267,79,12.319148936170214
23268,68,18.164556962025316
23269,63,9.556962025316455
23270,96,9.328
23271,69,20.794871794871796
23272,34,10.057142857142857
23273,88,9.46938775510204
23274,85,11.196078431372548
23275,171,12.778947368421052
23280,87,14.777777777777779
23281,56,13.51063829787234
23282,67,7.240384615384615
23283,146,4.626794258373206
23284,378,8.155725190839695
23285,108,35.446969696969695
23286,125,29.884146341463413
23287,114,11.95973154362416
23288,107,33.370370370370374
23289,111,10.93661971830986
23290,125,13.60344827586207
23291,104,10.60958904109589
23292,113,12.542168674698795
23293,323,17.353684210526314
23294,214,14.211920529801324
23295,250,16.116216216216216
23296,243,15.058641975308642
23297,123,30.0
23298,573,7.6025390625
23299,110,7.92741935483871
23300,351,9.711864406779661
23301,405,10.078125
23302,140,7.6735751295336785
23303,6,10.833333333333334
23304,9,7.888888888888889
23305,9,9.11111111111111
23306,182,12.75829383886256
23307,366,22.069943289224952
23308,209,18.823343848580443
23309,178,24.530158730158732
23310,146,55.56542056074766
23311,246,7.742957746478873
23312,168,6.893939393939394
23313,254,7.425876010781671
23314,87,3.707547169811321
23315,63,2.6578947368421053
23316,75,2.4583333333333335
23317,56,2.2816901408450705
23318,270,10.821958456973293
23319,300,9.288713910761155
23320,260,8.208722741433021
23321,378,7.079338842975207
23322,350,5.507575757575758
23323,210,5.056737588652482
23324,38,9.76923076923077
23325,27,14.8
23326,52,60.17857142857143
23327,33,48.857142857142854
23328,195,7.1522491349480966
23329,168,7.045267489711934
23330,158,8.385714285714286
23331,67,17.348837209302324
23332,207,7.103202846975089
23333,179,8.75
23334,83,21.326732673267326
23335,62,4.325301204819277
23336,46,3.076923076923077
23337,49,2.816666666666667
23338,62,4.450549450549451
23339,43,2.586206896551724
23340,112,19.879032258064516
23341,75,2.8484848484848486
23342,105,2.337579617834395
23343,286,12.393939393939394
23344,391,14.87375415282392
23345,100,17.3768115942029
23346,106,18.1056338028169
23347,51,11.647887323943662
23348,95,5.354330708661418
23349,214,11.116731517509727
23350,205,10.168627450980392
23351,242,11.0
23352,151,9.672727272727272
23353,227,14.310344827586206
23354,235,12.346863468634686
23355,474,7.213513513513513
23356,316,4.972515856236787
23357,79,4.78021978021978
23358,61,7.764705882352941
23359,73,12.714285714285714
23360,94,10.276785714285714
23365,107,11.511278195488721
23366,115,13.26206896551724
23367,184,11.701680672268907
23368,134,11.64864864864865
23369,80,9.193877551020408
23370,86,12.026548672566372
23371,98,10.75
23372,76,12.342857142857143
23373,86,17.761363636363637
23374,108,20.0327868852459
23375,85,14.910112359550562
23376,104,22.389830508474578
23377,69,14.321428571428571
23378,127,21.916666666666668
23379,49,23.03921568627451
23380,86,22.489583333333332
23381,59,22.19402985074627
23382,136,10.439024390243903
23388,115,5.746376811594203
23389,159,4.952830188679245
23390,117,4.738562091503268
23391,58,5.084507042253521
23392,70,7.132530120481928
23393,165,3.6971153846153846
23394,90,3.185483870967742
23395,141,3.7621621621621624
23396,134,3.52
23397,139,2.465909090909091
23398,53,8.954545454545455
23399,146,9.544502617801047
23400,76,4.666666666666667
23401,59,6.328571428571428
23402,47,5.017857142857143
23403,80,5.321428571428571
23404,104,7.125
23405,54,3.95
23406,65,4.578947368421052
23407,103,2.100840336134454
23408,53,5.254237288135593
23409,39,5.073170731707317
23410,16,2.0
23411,42,4.617021276595745
23412,64,4.875
23413,34,3.5555555555555554
23414,58,2.2419354838709675
23415,42,7.2444444444444445
23416,18,6.833333333333333
23417,21,6.363636363636363
23418,55,8.754098360655737
23419,56,7.064516129032258
23420,26,5.517241379310345
23421,24,5.703703703703703
23422,29,6.32258064516129
23423,47,3.9607843137254903
23424,87,3.9711538461538463
23425,35,6.771428571428571
23426,126,7.04
23427,87,2.111111111111111
23428,25,2.6923076923076925
23429,19,2.2
23430,16,2.0588235294117645
23431,63,19.88888888888889
23432,65,17.694444444444443
23433,76,14.817073170731707
23434,129,13.176470588235293
23435,40,15.088888888888889
23436,91,20.967391304347824
23437,108,17.1981981981982
23438,88,17.96
23439,268,9.428571428571429
23440,5,32.8
23441,3,7.333333333333333
23442,7,4.2
23444,63,1.0
23445,81,27.78125
23446,3,52.333333333333336
23447,4,39.5
23448,3,8.333333333333334
23451,38,5.8478260869565215
23452,69,6.296296296296297
23453,40,6.46
23454,41,3.1320754716981134
23455,32,5.885714285714286
23456,33,4.388888888888889
23457,27,3.5
23458,30,1.7
23459,19,1.736842105263158
23460,41,2.511627906976744
23461,75,8.739583333333334
23462,43,1.75
23463,7,1.7142857142857142
23464,6,2.6666666666666665
23465,15,1.8666666666666667
23466,20,2.3333333333333335
23467,5,4.6
23468,11,1.7272727272727273
23469,61,5.079365079365079
23470,70,2.933333333333333
23471,26,2.4074074074074074
23472,29,1.7741935483870968
23473,41,15.136363636363637
23474,26,10.607142857142858
23475,25,10.76923076923077
23476,18,11.0
23477,8,10.625
23478,9,27.8
23479,35,2.682926829268293
23480,143,9.657303370786517
23481,23,7.233333333333333
23482,32,11.527777777777779
23483,57,19.159420289855074
23484,25,6.6923076923076925
23485,70,3.2375
23486,64,3.926470588235294
23487,41,1.8571428571428572
23489,125,6.125874125874126
23490,83,5.614583333333333
23491,64,2.935064935064935
23492,24,2.8461538461538463
23493,282,9.675824175824175
23494,145,4.055865921787709
23495,21,8.0
23496,21,4.0
23497,150,14.044692737430168
23498,77,17.107526881720432
23499,86,12.724489795918368
23500,76,17.043010752688172
23501,77,19.910112359550563
23502,80,7.840909090909091
23503,284,10.192878338278932
23504,164,8.216748768472906
23505,93,9.594594594594595
23506,114,19.83941605839416
23507,91,25.594594594594593
23508,95,20.983050847457626
23509,51,18.29824561403509
23510,90,22.752475247524753
23511,83,5.9772727272727275
23512,46,9.7
23513,59,8.96774193548387
23514,57,7.387096774193548
23515,58,9.3
23516,39,6.790697674418604
23517,50,6.117647058823529
23518,40,8.523809523809524
23519,18,11.526315789473685
23520,30,5.354838709677419
23521,21,17.636363636363637
23522,20,16.238095238095237
23523,35,9.394736842105264
23524,42,9.117647058823529
23525,38,12.622222222222222
23526,79,9.58695652173913
23527,40,9.454545454545455
23528,30,13.588235294117647
23529,26,20.966666666666665
23530,60,13.906666666666666
23531,77,9.727272727272727
23532,23,7.884615384615385
23533,27,6.774193548387097
23534,159,6.158163265306122
23535,135,6.754491017964072
23536,68,8.283783783783784
23537,20,4.666666666666667
23538,25,11.678571428571429
23539,32,6.771428571428571
23540,9,14.6
23541,97,6.908333333333333
23542,55,6.914285714285715
23543,81,12.65979381443299
23544,17,8.2
23545,76,29.464285714285715
23546,106,27.06611570247934
23547,57,25.403225806451612
23548,42,25.0
23549,46,25.49019607843137
23550,60,29.365079365079364
23551,88,16.17
23552,93,15.594594594594595
23553,50,8.857142857142858
23554,49,7.517857142857143
23555,45,8.115384615384615
23556,46,7.963636363636364
23557,25,11.96551724137931
23558,43,8.26
23559,69,7.256410256410256
23560,20,7.809523809523809
23561,13,12.846153846153847
23562,37,6.282051282051282
23564,39,13.976190476190476
23565,28,11.225806451612904
23566,44,16.72340425531915
23567,15,9.842105263157896
23568,24,20.714285714285715
23569,152,5.070652173913044
23570,203,7.443548387096774
23571,195,8.969162995594713
23574,9,1.0
23575,22,6.833333333333333
23576,28,6.166666666666667
23578,11,5.090909090909091
23579,22,5.8076923076923075
23580,20,5.045454545454546
23581,230,13.882539682539683
23582,186,18.452282157676347
23583,233,10.659163987138264
23597,28,8.266666666666667
23598,40,9.790697674418604
23660,30,9.451612903225806
23661,23,8.5
23681,105,12.9
23691,36,30.92105263157895
23694,23,14.5
23695,41,15.804347826086957
23697,26,16.22222222222222
23702,3,1.3333333333333333
35001G,23,5.814814814814815
35001W,5,18.4
35004B,30,9.895833333333334
35004C,28,10.342105263157896
35004G,16,6.3
35095A,29,23.852941176470587
35095B,36,18.829268292682926
35241,27,2.966666666666667
35265,11,1.4545454545454546
35400,5,2.0
35443,5,1.4
35471D,114,11.27027027027027
35591T,4,1.25
35598B,20,25.181818181818183
35598D,23,27.5
35599B,19,9.08695652173913
35599D,17,9.789473684210526
35607B,7,13.714285714285714
35637A,23,6.916666666666667
35637C,7,4.0
35638A,5,7.6
35638B,4,14.0
35646,32,11.152173913043478
35648,40,12.71875
35649,5,2.2857142857142856
35651,29,9.705882352941176
35653,11,2.764705882352941
35809A,37,9.261904761904763
35809B,3,2.6666666666666665
35810A,46,11.166666666666666
35810B,18,7.0
35815P,5,32.4
35818B,3,10.333333333333334
35818P,15,14.666666666666666
35819B,19,9.925925925925926
35819P,7,13.571428571428571
35833P,8,3.0833333333333335
35909A,3,2.6666666666666665
35910A,4,5.0
35910B,3,4.333333333333333
35911A,23,8.2
35911B,4,4.25
35912B,15,13.833333333333334
35913B,8,3.5
35914,16,7.157894736842105
35915B,14,6.5
35915C,8,6.125
35916A,3,6.666666666666667
35916C,5,10.8
35920,11,6.090909090909091
35921,9,4.909090909090909
35922,10,2.8
35923,30,30.11904761904762
35924,25,21.939393939393938
35933,15,13.875
35953,81,33.89887640449438
35954,30,33.05882352941177
35957,7,79.71428571428571
35958,3,4.0
35961,116,16.930817610062892
35964,34,15.6
35965,22,6.464285714285714
35967,24,13.137931034482758
35968,14,8.055555555555555
35970,270,13.315186246418339
35971,39,7.553571428571429
35972,14,5.647058823529412
37327,36,28.645833333333332
37333,9,1.2727272727272727
37340,59,31.90625
37342,50,22.421875
37343,8,7.75
37370,72,20.9
37413,52,8.654320987654321
37423,3,26.0
37444A,9,3.0625
37444C,5,2.3333333333333335
37446,93,8.157232704402515
37447,51,9.960526315789474
37448,78,8.720496894409937
37449,106,3.673202614379085
37450,47,6.485436893203883
37462E,4,6.75
37467,11,11.636363636363637
37468,11,4.923076923076923
37475,27,1.9
37476,9,1.8888888888888888
37479B,16,7.470588235294118
37479P,15,5.6521739130434785
37482P,30,13.216216216216216
37488A,3,9.333333333333334
37489A,14,2.2
37489B,12,2.5833333333333335
37489C,8,2.875
37489D,16,2.3529411764705883
37495,75,5.095238095238095
37500,53,4.225
37501,28,3.5172413793103448
40001,23,21.571428571428573
40003,10,13.363636363636363
40005B,4,3.0
40016,54,73.65333333333334
40046A,6,8.333333333333334
44089A,4,3.75
44089C,6,4.0
44091A,3,3.0
44092B,4,2.8
44092C,5,2.5
44234,17,28.043478260869566
44235,11,33.6875
44236,6,7.428571428571429
44242B,3,17.333333333333332
46000M,92,7.522388059701493
46000P,5,3.4
46000R,22,2.72972972972973
46000S,128,8.521978021978022
46000U,16,4.115384615384615
46118,12,10.722222222222221
46126A,5,8.0
46138B,8,3.5833333333333335
46775D,12,1.8461538461538463
46776A,6,2.3333333333333335
46776B,6,2.142857142857143
46776C,6,1.8333333333333333
46776D,3,4.0
46776E,5,2.8
46776F,6,2.375
47013A,4,3.5
47013C,7,6.142857142857143
47021G,12,34.53333333333333
47310M,23,5.520833333333333
47341A,5,5.4
47341B,11,4.090909090909091
47343A,13,11.357142857142858
47344B,6,7.333333333333333
47348A,11,6.466666666666667
47351B,7,9.555555555555555
47367B,11,5.181818181818182
47369A,6,1.3333333333333333
47369B,3,1.0
47420,11,10.631578947368421
47421,16,15.476190476190476
47422,16,10.090909090909092
47469,10,21.11764705882353
47471,19,10.153846153846153
47480,29,12.814814814814815
47481,15,11.1
47503A,123,16.392857142857142
47503H,30,2.6666666666666665
47504H,68,10.304347826086957
47504K,141,10.938547486033519
47518F,19,29.535714285714285
47559B,152,8.146341463414634
47563A,31,4.326086956521739
47566,708,10.953438395415473
47566B,192,7.2271293375394325
47567B,81,4.625
47570B,23,6.923076923076923
47574A,36,8.134615384615385
47578A,26,6.387096774193548
47580,55,4.230769230769231
47585A,23,3.7777777777777777
47586A,7,2.625
47589,3,4.333333333333333
47590A,228,5.477528089887641
47590B,238,6.300275482093664
47591B,9,3.8
47591D,250,7.840399002493766
47593A,10,2.5384615384615383
47593B,68,17.322916666666668
47594A,26,2.0
47594B,26,3.033333333333333
47599A,102,16.5
47599B,69,13.435185185185185
48111,111,6.254237288135593
48116,88,9.992957746478874
48129,125,4.808743169398907
48138,313,6.971153846153846
48173C,105,10.153409090909092
48184,227,5.516759776536313
48185,143,14.05327868852459
48187,314,6.929236499068901
48188,163,8.015810276679842
48194,286,6.758264462809917
51008,16,26.894736842105264
51014A,106,22.490683229813666
51014C,71,21.787610619469028
51014L,72,18.093457943925234
51020A,16,18.055555555555557
51020B,13,13.133333333333333
62018,39,74.61016949152543
62043B,5,3.4
62074B,4,4.0
62086A,13,6.615384615384615
62096A,7,13.25
70006,72,32.34567901234568
70007,46,12.620689655172415
71038,34,4.877551020408164
71050,5,5.5
71053,149,6.231939163498099
71101E,17,15.130434782608695
71270,16,5.914285714285715
71279,20,5.379310344827586
71403,12,3.857142857142857
71406C,13,6.571428571428571
71459,226,34.055263157894736
71477,155,24.82089552238806
71495B,4,32.0
71496A,5,22.8
71496B,4,3.25
71510,5,6.5
72024U,3,24.0
72051S,5,7.666666666666667
72122,38,6.3478260869565215
72127,25,5.6
72128,28,5.7272727272727275
72130,20,8.6
72131,14,7.2105263157894735
72132,9,2.3333333333333335
72133,11,2.7857142857142856
72134,6,12.25
72140E,8,3.875
72225C,12,37.5
72232,45,50.25757575757576
72349B,51,7.252631578947368
72351A,78,8.97841726618705
72351B,87,12.955974842767295
72369A,3,7.0
72586,36,16.473684210526315
72598,38,10.674418604651162
72709,4,6.285714285714286
72741,195,23.111553784860558
72760B,104,2.838235294117647
72780,18,6.85
72798C,3,2.3333333333333335
72799C,17,4.444444444444445
72799E,43,7.88
72799F,19,5.818181818181818
72800B,31,3.58974358974359
72800C,26,3.9375
72800D,20,2.8666666666666667
72800E,62,4.4411764705882355
72801C,13,9.857142857142858
72801D,10,4.833333333333333
72801G,9,4.583333333333333
72802A,44,5.543859649122807
72802B,54,12.906666666666666
72802C,63,15.10989010989011
72803A,30,12.926829268292684
72807A,53,5.0
72807B,56,4.2682926829268295
72807C,83,5.973214285714286
72811,6,8.166666666666666
72812,3,4.5
72816,26,25.84375
72817,74,10.916666666666666
72818,51,28.015384615384615
72819,28,6.933333333333334
72821,4,2.75
75011,9,14.333333333333334
75013B,6,3.5714285714285716
75049L,71,55.00806451612903
75131,13,37.53846153846154
75172,8,11.625
75178,6,50.55555555555556
77101A,16,18.38095238095238
78033,6,5.285714285714286
78034B,6,1.1428571428571428
78124,16,10.61111111111111
79000,69,39.25773195876289
79026B,7,2.7777777777777777
79030D,26,14.903225806451612
79030G,44,25.735849056603772
79051A,32,19.775
79062D,4,13.0
79063C,13,16.785714285714285
79063D,9,17.181818181818183
79066K,69,6.718181818181818
79067,16,7.944444444444445
79071B,10,1.8181818181818181
79144B,14,6.75
79144C,5,9.142857142857142
79149B,8,2.25
79157V,3,1.6666666666666667
79160,30,8.25925925925926
79163,25,45.96969696969697
79164,12,79.61904761904762
79190A,24,10.0
79190B,24,18.714285714285715
79190D,16,9.08
79191B,23,5.923076923076923
79191C,57,17.0
79191D,7,3.5714285714285716
79302M,26,7.395833333333333
79321,205,18.416030534351144
79331,3,8.666666666666666
79337,9,64.4
79403,9,8.090909090909092
79406,6,23.333333333333332
81950B,8,11.7
81950V,6,3.0
81952B,9,22.22222222222222
81952V,22,13.592592592592593
82001S,49,14.226415094339623
82011A,8,1.6
82011B,11,2.1578947368421053
82011C,17,2.55
82095,4,1.75
82482,410,9.33032694475761
82483,241,4.493282149712092
82484,285,9.770627062706271
82486,235,3.664323374340949
82494L,392,7.660975609756098
82551,156,10.945098039215686
82552,184,9.77257525083612
82567,86,3.2913907284768213
82578,142,8.732142857142858
82580,210,14.188144329896907
82581,172,12.372937293729374
82582,176,11.34920634920635
82583,206,15.878712871287128
82599,67,4.839080459770115
82600,221,13.789598108747045
82605,3,4.666666666666667
82613A,13,4.466666666666667
82613B,39,8.717391304347826
82613C,33,9.5
82613D,43,9.215686274509803
82616B,35,6.16
82616C,40,5.326923076923077
84006,46,10.666666666666666
84012,78,12.757894736842106
84029E,228,11.301829268292684
84029G,211,7.57361963190184
84030E,198,4.958188153310105
84031A,34,3.48
84031B,29,2.473684210526316
84032A,78,4.157407407407407
84032B,106,4.917293233082707
84033,7,3.2857142857142856
84050,139,15.237864077669903
84051,24,10.76923076923077
84077,307,115.04228329809725
84078A,79,3.3679245283018866
84086B,3,2.0
84086C,13,6.666666666666667
84192,19,4.107142857142857
84199,28,4.3
84206A,3,8.0
84212,72,99.97087378640776
84218,37,3.05
84226,9,5.444444444444445
84228,16,14.947368421052632
84231,13,5.526315789473684
84247E,23,3.1923076923076925
84247G,17,14.608695652173912
84247K,7,2.3
84247L,8,13.5
84247N,16,1.2222222222222223
84249A,12,12.307692307692308
84251B,12,11.214285714285714
84251G,15,12.0
84279B,48,3.033333333333333
84279P,79,3.4591836734693877
84313B,6,5.846153846153846
84313C,17,19.208333333333332
84341B,30,18.176470588235293
84347,192,24.180428134556575
84352,14,1.5
84356,32,7.326086956521739
84358,6,2.6666666666666665
84360,9,4.352941176470588
84375,290,9.69392523364486
84378,376,11.313909774436091
84380,325,10.419291338582678
84388,6,4.0
84402B,3,20.333333333333332
84406B,133,7.860655737704918
84422,8,68.875
84429A,13,3.1333333333333333
84452,14,4.625
84457,21,5.217391304347826
84459A,50,11.771929824561404
84459B,54,11.081967213114755
84461,13,2.9285714285714284
84462,6,2.0
84465,7,1.4285714285714286
84466,8,4.6
84497,7,1.8571428571428572
84507B,10,2.2142857142857144
84507C,11,2.423076923076923
84508A,17,46.57142857142857
84508B,21,1.8387096774193548
84508C,14,2.4761904761904763
84509A,103,4.402877697841727
84509B,37,3.183673469387755
84509C,20,3.25
84509E,7,8.75
84509G,42,10.673913043478262
84510A,100,7.039735099337748
84510C,25,2.8823529411764706
84510E,9,2.7777777777777777
84519A,45,7.819672131147541
84519B,63,4.580645161290323
84520B,51,8.745454545454546
84522,6,2.0
84527,6,7.833333333333333
84531A,24,5.384615384615385
84531B,24,5.769230769230769
84534B,5,9.2
84535A,19,19.9
84535B,80,11.669724770642201
84536A,140,12.12888888888889
84536B,74,16.84
84548,3,3.75
84549,3,10.333333333333334
84558A,49,4.578125
84559A,34,6.476190476190476
84559B,36,4.909090909090909
84563A,11,4.214285714285714
84563B,18,3.0416666666666665
84568,18,520.0
84569A,26,7.346153846153846
84569B,11,6.333333333333333
84569D,32,7.685714285714286
84575A,4,3.5
84576,8,6.333333333333333
84580,91,2.7235772357723578
84581,60,2.3380281690140845
84584,18,4.611111111111111
84592,15,4.117647058823529
84595E,8,7.111111111111111
84596B,189,11.849604221635884
84596E,33,10.88888888888889
84596F,166,10.858552631578947
84596G,84,10.25925925925926
84596J,21,17.37037037037037
84596L,49,12.9875
84597B,3,8.2
84597C,11,3.5384615384615383
84598,5,249.6
84600,16,2.4
84609,16,5.294117647058823
84613A,3,2.0
84616,6,1.8333333333333333
84617,3,1.0
84625A,24,14.67741935483871
84625C,20,15.678571428571429
84629,10,2.0
84631,7,1.7
84632,5,1.2
84637,11,2.230769230769231
84638,11,1.5833333333333333
84658,14,2.5555555555555554
84659A,19,6.090909090909091
84660A,30,23.25
84660B,20,23.233333333333334
84660C,20,23.666666666666668
84661A,10,8.545454545454545
84661B,10,7.916666666666667
84661C,5,12.4
84663A,21,10.4
84665,14,6.176470588235294
84666,4,6.0
84673A,21,2.423076923076923
84673B,31,3.2142857142857144
84674,31,4.4523809523809526
84678,10,13.8
84683,6,26.714285714285715
84685,6,2.3333333333333335
84686,7,6.125
84687,16,3.5
84688,7,4.25
84692,209,18.154666666666667
84706D,3,2.0
84706F,9,1.6
84707A,21,2.64
84707B,13,2.230769230769231
84708B,13,3.7857142857142856
84709B,11,1.8181818181818181
84711A,7,2.0
84711B,7,1.875
84712B,9,1.7272727272727273
84715,3,5.333333333333333
84723,5,6.833333333333333
84725,16,2.2777777777777777
84741C,14,4.285714285714286
84744,17,6.0
84745A,5,6.4
84745B,5,6.4
84748,7,2.5454545454545454
84750B,12,5.083333333333333
84751B,8,2.111111111111111
84754,35,13.567567567567568
84755,318,29.125
84760S,8,4.777777777777778
84763,39,11.693877551020408
84766,11,10.428571428571429
84789,33,4.113636363636363
84792,125,4.015544041450777
84795B,33,4.175
84796A,10,1.4
84796B,16,4.0588235294117645
84798A,3,4.666666666666667
84799,9,24.444444444444443
84800L,20,16.363636363636363
84800M,11,11.545454545454545
84800S,9,11.3
84801A,5,9.2
84801B,3,7.333333333333333
84803B,3,5.0
84804A,8,8.75
84804B,6,16.5
84805A,3,10.0
84805B,3,12.666666666666666
84806A,11,12.454545454545455
84806B,18,15.578947368421053
84809A,5,7.6
84813,20,6.590909090909091
84816,10,1.3
84817,48,16.982142857142858
84818,79,14.24
84819,56,13.080645161290322
84820,31,8.15625
84821,35,22.547619047619047
84823,25,4.48
84826,28,33.2
84827,12,28.38888888888889
84828,82,8.153846153846153
84832,137,13.578125
84836,311,11.725050916496945
84840,3,1.0
84842,8,1.5555555555555556
84843,36,3.8333333333333335
84846A,9,4.818181818181818
84847,9,1.75
84849A,25,5.0
84849B,41,4.0701754385964914
84849D,64,4.650485436893204
84857C,8,11.875
84858C,4,37.0
84859A,24,3.967741935483871
84859B,10,2.8181818181818183
84859C,17,3.9523809523809526
84865,8,2.1666666666666665
84870B,9,2.0
84870C,10,2.0
84872A,3,1.0
84874B,7,4.857142857142857
84875B,14,8.333333333333334
84875D,8,6.375
84876B,17,8.826086956521738
84876D,12,9.615384615384615
84877B,8,14.0
84877D,11,7.333333333333333
84879,678,25.115056818181817
84880,51,4.455882352941177
84881,5,2.2
84882,12,2.2666666666666666
84884A,52,4.46875
84898F,15,2.5
84906,9,2.8
84907,3,1.6666666666666667
84910A,6,1.6666666666666667
84912A,25,2.710526315789474
84912B,32,3.0408163265306123
84913A,10,3.7
84913B,19,3.5
84915,8,18.09090909090909
84916,17,11.777777777777779
84917,13,12.142857142857142
84919,9,3.2222222222222223
84920,22,2.7037037037037037
84921,5,2.2
84922,5,1.6
84924A,21,3.0
84924F,3,3.3333333333333335
84925D,8,1.5
84925F,14,5.333333333333333
84926A,24,19.258064516129032
84926D,25,22.03125
84926E,32,26.05263157894737
84926F,18,18.391304347826086
84927A,12,3.2857142857142856
84927D,9,3.75
84927E,10,4.75
84927F,36,7.023809523809524
84929,57,36.193548387096776
84931A,20,3.652173913043478
84931B,21,4.962962962962963
84944,62,7.726027397260274
84945,208,32.94551282051282
84946,415,23.90856313497823
84947,177,28.33219178082192
84949,165,18.366141732283463
84950,66,37.764044943820224
84951A,26,10.676470588235293
84951B,24,10.4375
84952A,6,6.333333333333333
84952B,10,11.153846153846153
84952C,7,14.0
84968A,32,3.0
84968C,36,1.9583333333333333
84968D,27,2.0
84968E,15,3.9545454545454546
84968F,25,2.6
84969,48,4.041095890410959
84970L,234,16.86390532544379
84970S,271,20.40963855421687
84971S,69,14.350427350427351
84974,26,1.3793103448275863
84976,27,17.310344827586206
84978,304,18.898450946643717
84984A,4,3.1666666666666665
84984B,4,3.4
84984D,3,3.25
84985A,15,2.1
84987,201,12.099173553719009
84988,209,12.79611650485437
84989A,16,1.5555555555555556
84991,414,25.599131693198263
84992,325,24.613935969868173
84993A,30,9.242424242424242
84993B,16,3.3529411764705883
84997A,143,10.790598290598291
84997B,202,12.227272727272727
84997C,202,11.954692556634305
84997D,248,11.473193473193474
85006,9,6.111111111111111
85008,7,1.7142857142857142
85014A,183,4.408560311284047
85014B,210,6.032679738562091
85015,103,18.52173913043478
85016,22,20.88
85017B,65,12.626666666666667
85017C,10,4.166666666666667
85018D,6,1.7142857142857142
85019A,25,14.607142857142858
85019B,21,19.92
85019C,9,18.1
85020,11,4.875
85023B,10,8.666666666666666
85024B,12,16.083333333333332
85024C,8,1.3333333333333333
85025B,20,13.863636363636363
85025C,27,10.266666666666667
85026B,9,8.333333333333334
85027L,17,3.888888888888889
85028L,4,2.5
85028S,8,3.0
85030,6,2.5
85031A,7,2.2857142857142856
85032A,82,7.608247422680412
85032B,84,7.98936170212766
85032C,72,6.862068965517241
85032D,57,10.677966101694915
85034A,58,6.473684210526316
85034B,80,9.404255319148936
85034C,109,7.549295774647887
85035A,59,3.4155844155844157
85035B,38,12.681818181818182
85035C,86,9.692982456140351
85036A,48,3.403225806451613
85036B,40,8.0
85036C,66,8.833333333333334
85038,70,8.7008547008547
85039A,26,10.595238095238095
85039B,38,9.442307692307692
85039C,9,18.5
85040A,86,6.113636363636363
85040B,28,3.857142857142857
85045,9,4.1
85048,170,5.861111111111111
85049A,204,10.60948905109489
85049B,13,4.153846153846154
85049C,162,5.650943396226415
85049D,85,5.084905660377358
85049E,248,7.916426512968299
85049F,70,4.25
85049G,161,6.475409836065574
85049H,58,5.818181818181818
85053,157,6.296747967479675
85054,66,6.122222222222222
85055,9,3.7
85059,62,3.625
85061W,77,16.41322314049587
85062,97,10.222222222222221
85064,20,8.91304347826087
85066,289,3.7472527472527473
85067,5,1.4
85071A,77,10.608695652173912
85071B,88,11.418181818181818
85071C,62,8.315068493150685
85071D,58,5.484848484848484
85078,46,26.861538461538462
85084,6,2.8333333333333335
85086A,8,5.625
85087,7,5.714285714285714
85088,18,8.952380952380953
85089,5,2.3333333333333335
85093,20,21.476190476190474
85094,29,16.193548387096776
85095,9,6.6
85096,10,1.6666666666666667
85099B,635,28.542027194066748
85099C,306,19.412746585735963
85099F,315,25.311746987951807
85103,6,15.166666666666666
85104,13,14.0
85106,9,53.0
85107,21,8.379310344827585
85111,40,26.055555555555557
85114A,20,13.928571428571429
85114B,36,7.576923076923077
85114C,37,7.253968253968254
85116,30,18.263157894736842
85118,5,23.666666666666668
85123A,856,18.074692874692875
85124B,23,2.8275862068965516
85124C,23,2.7096774193548385
85125,14,6.7894736842105265
85127,17,4.0
85129B,10,6.3125
85129C,8,6.416666666666667
85129D,16,4.742857142857143
85130A,10,7.7
85130B,44,16.32
85130C,37,10.644444444444444
85130D,41,10.615384615384615
85131A,19,18.76
85131C,5,6.636363636363637
85131D,5,9.583333333333334
85132A,38,8.75
85132B,44,8.55
85132C,96,11.05511811023622
85135A,6,2.5
85135B,28,1.3428571428571427
85135C,41,1.56
85136A,35,1.3076923076923077
85136C,20,1.4
85141,32,2.9285714285714284
85144,38,5.045454545454546
85145,12,2.7142857142857144
85146,8,4.777777777777778
85150,196,10.566395663956639
85152,270,13.697986577181208
85159A,38,10.022222222222222
85159B,45,10.542372881355933
85160B,15,6.5625
85161,8,1.3333333333333333
85163A,15,2.5
85163B,10,3.142857142857143
85167B,7,6.857142857142857
85168B,5,2.4285714285714284
85169A,44,10.244897959183673
85169B,17,8.04
85169C,14,16.0
85169D,20,10.545454545454545
85170B,13,7.782608695652174
85170C,26,8.689655172413794
85170D,30,6.96078431372549
85172,34,30.181818181818183
85173,40,8.68
85174,55,5.916666666666667
85175,84,39.82442748091603
85176,50,8.346666666666666
85177,40,18.023255813953487
85178,77,23.71
85179A,15,7.0
85179C,7,9.857142857142858
85180A,32,11.421052631578947
85180B,19,9.333333333333334
85183A,60,7.9156626506024095
85183B,84,9.130841121495328
85184C,116,10.878571428571428
85185B,51,4.279411764705882
85185D,7,1.875
85186A,35,13.461538461538462
85186C,32,12.147058823529411
85187,53,5.4
85188A,29,8.882352941176471
85188B,8,9.375
85194L,52,15.807017543859649
85194S,50,21.145454545454545
85195,3,3.6666666666666665
85197,18,1.736842105263158
85198,6,14.333333333333334
85199L,52,14.23076923076923
85199S,101,13.141176470588235
85200,24,6.777777777777778
85202,34,6.122448979591836
85203,45,10.363636363636363
85204,40,42.63636363636363
85205B,22,4.64
85206A,99,8.641509433962264
85206B,4,3.5
85208,22,6.44
85211,15,7.473684210526316
85212,60,33.58904109589041
85213,23,32.84
85214,36,2.395348837209302
85215,8,20.375
85216,6,6.875
85225,3,2.0
85227,115,8.314465408805031
85230A,14,46.666666666666664
85230B,30,33.26315789473684
85230E,17,45.875
85230F,11,28.166666666666668
85230G,20,41.28
85231B,74,7.1891891891891895
85231G,49,8.552238805970148
85232A,22,2.96
85232B,7,26.8
85232D,45,3.240740740740741
90000A,6,1.8333333333333333
90000D,4,1.5
90001D,3,1.6666666666666667
90002D,5,1.6666666666666667
90003B,3,2.0
90003C,5,2.4
90003D,7,2.5714285714285716
90010A,5,1.4
90010B,3,2.3333333333333335
90010E,7,1.4285714285714286
90013A,3,5.333333333333333
90013C,4,2.75
90014A,8,1.6
90014B,7,1.25
90014C,3,1.3333333333333333
90016A,4,3.5
90016B,6,1.125
90018A,8,1.8888888888888888
90018B,5,1.6
90018C,3,2.0
90019A,8,2.0
90019C,3,1.3333333333333333
90022,4,2.0
90026D,3,1.0
90030A,7,10.285714285714286
90030B,13,7.466666666666667
90030C,8,9.25
90031,5,9.6
90032,4,3.1666666666666665
90036A,3,1.5
90036D,4,2.75
90036E,4,1.4
90040C,3,2.3333333333333335
90051,3,2.0
90057,21,45.81818181818182
90058A,7,46.285714285714285
90058B,15,40.8
90059B,3,3.0
90059C,3,2.6666666666666665
90059E,3,3.3333333333333335
90059F,3,3.0
90060D,3,1.0
90062,6,3.3333333333333335
90063A,7,1.5714285714285714
90063B,5,1.6
90064A,3,2.3333333333333335
90064B,6,1.8333333333333333
90065A,3,2.0
90067A,3,3.3333333333333335
90070,3,2.6666666666666665
90073,4,3.25
90081A,7,1.875
90081C,6,1.8333333333333333
90082A,8,2.1
90082B,8,2.25
90082D,4,1.6
90086,5,7.7272727272727275
90087,4,11.25
90093,5,7.833333333333333
90094,12,1.0833333333333333
90096,3,2.6666666666666665
90098,9,3.111111111111111
90099,12,1.5384615384615385
90101,3,3.75
90108,6,10.666666666666666
90114,11,6.0
90116,3,5.333333333333333
90119,3,3.75
90120B,5,4.0
90120C,6,4.428571428571429
90122A,3,2.6666666666666665
90122C,3,3.4
90123A,8,1.75
90123B,4,2.0
90123C,5,2.6
90124A,4,1.5
90124B,3,1.3333333333333333
90124C,4,1.75
90125A,4,18.166666666666668
90125B,3,6.333333333333333
90125D,3,14.8
90129A,3,2.3333333333333335
90129B,6,3.5
90129C,6,2.8333333333333335
90129F,5,3.2
90130B,3,3.0
90133,3,3.0
90142D,3,3.0
90143,7,2.375
90144,3,2.3333333333333335
90145,7,1.9090909090909092
90146,3,4.333333333333333
90147,10,1.75
90148,5,1.3333333333333333
90152A,3,1.0
90154,5,11.4
90155,4,1.5
90158,6,2.3333333333333335
90160A,10,2.8181818181818183
90160B,7,2.625
90160C,14,2.5625
90160D,9,3.5555555555555554
90161A,6,1.5
90161B,10,3.75
90161C,13,3.0
90161D,6,3.4444444444444446
90162B,7,2.7
90162C,3,2.0
90162D,3,2.0
90164A,6,3.1666666666666665
90164B,7,4.0
90166,4,1.75
90170,6,7.666666666666667
90173,3,5.333333333333333
90174,4,4.0
90175A,6,1.125
90175C,6,1.5
90176D,4,1.75
90177C,3,4.333333333333333
90177D,5,2.8333333333333335
90178A,6,1.0
90180A,5,2.6
90180B,3,1.0
90183A,5,4.0
90184A,4,2.0
90184B,11,1.9090909090909092
90184C,7,1.5714285714285714
90185A,5,4.4
90185B,3,4.333333333333333
90185C,5,4.2
90185D,7,4.0
90186A,3,1.25
90186B,6,2.0
90190C,4,1.25
90191,7,3.142857142857143
90192,5,2.875
90194,6,2.0
90195A,7,2.2857142857142856
90195B,3,1.0
90196A,5,1.6
90196B,4,1.0
90198A,8,3.4
90198B,11,2.727272727272727
90199A,3,2.6666666666666665
90199C,7,1.7
90200A,14,2.5625
90200B,18,2.7916666666666665
90200C,6,2.857142857142857
90200D,21,3.96
90200E,15,4.222222222222222
90201A,11,4.2727272727272725
90201B,9,6.4
90201C,12,4.333333333333333
90201D,9,5.111111111111111
90204,8,2.125
90205A,6,2.6666666666666665
90205C,3,2.0
90206C,6,1.625
90208,4,2.5
90209A,3,21.0
90209B,7,8.076923076923077
90209C,8,19.25
90210A,3,8.666666666666666
90210B,6,6.666666666666667
90210C,5,18.8
90210D,4,20.8
90211A,3,1.6666666666666667
90214A,5,4.5
90214C,7,5.777777777777778
90214D,5,5.571428571428571
90214E,6,5.125
90214G,5,4.857142857142857
90214H,4,3.6666666666666665
90214I,3,8.333333333333334
90214J,3,4.6
90214K,6,3.9166666666666665
90214L,4,10.2
90214M,3,5.4
90214N,3,3.6
90214P,4,4.666666666666667
90214R,3,3.75
90214S,5,6.666666666666667
90214Y,3,20.333333333333332
BANK CHARGES,10,1.0
C2,29,1.0075187969924813
M,197,25.257042253521128
PADS,3,1.0
POST,331,2.8389444949954505
